{
  "athlete_id": "matti-rowe",
  "model_date": "2026-01-08T16:29:07.756617",
  "model_type": "linear",
  "features": [
    "TSS",
    "IF",
    "CTL",
    "TSB",
    "ATL"
  ],
  "feature_importances": [
    [
      "IF",
      0.9655923111465707
    ],
    [
      "CTL",
      0.017132897887580878
    ],
    [
      "TSB",
      0.012787319328085809
    ],
    [
      "ATL",
      0.004345578559509199
    ],
    [
      "TSS",
      0.00014189307825335682
    ]
  ],
  "coefficients": {
    "TSS": -0.000542309498087248,
    "IF": -3.6904540239785404,
    "CTL": 0.06548122972992342,
    "TSB": 0.04887260754406478,
    "ATL": 0.016608622185912636
  },
  "test_rmse": 2.30388878049649,
  "tree_rmse": 2.5469331924627876,
  "linear_rmse": 2.30388878049649,
  "feeling_stats": {
    "mean": 3.2181818181818183,
    "std": 2.2988798326246815,
    "min": 1.0,
    "max": 9.0
  },
  "n_train": 44,
  "n_test": 11,
  "max_depth": 3
}